--ROLES Y SEGURIDAD
INSERT INTO pais (pais) VALUES ('Ecuador');
INSERT INTO provincia (provincia) VALUES ('AZUAY'), ('LOJA'), ('CAÑAR'), ('GUAYAS');
INSERT INTO canton (id_canton, canton) VALUES (101, 'CUENCA'), (102, 'GIRON'), (103, 'CATAMAYO'), (104, 'AZOGUES'), (105, 'BIBLIAN'), (106, 'GUAYAQUIL'), (107, 'RIOBAMBA'), (108, 'QUITO');
INSERT INTO parroquia (id_parroquia, parroquia) VALUES (500, 'BELLAVISTA'), (501, 'EL BATAN'), (502, 'MONAY'), (503, 'SAN BLAS'), (504, 'BORRERO'), (505, 'SAN FRANCISCO'), (506, 'PUNIN'), (507, 'FLORES'), (508, 'BOLIVAR'), (509, 'ROCAFUERTE');
INSERT INTO genero (genero, personas_id_persona) VALUES ('MASCULINO', NULL), ('FEMENINO', NULL), ('OTRO', NULL);
INSERT INTO direccion (av_principal, av_secundaria, id_canton, id_pais, id_parroquia, id_provincia) VALUES ('nueva calle', 'calle vieja', 101, 1, 501, 1), ('hermano miguel', 'gran colombia', 101, 1, 503, 1), ('calle', 'av. 10 d agosto', 102, 1, 506, 4), ('calle', 'sangurima', 103, 1, 502, 2), ('calle', 'tarqui', 108, 1, 509, 3), ('calle', 'benigno malo', 104, 1, 507, 3), ('calle', 'Federico proaño', 103, 1, 504, 1), ('calle', 'remigio', 102, 1, 506, 4), ('calle', 'carlos cueva', 101, 1, 507, 4);
INSERT INTO persona (apellido, cedula, fecha_nacimiento, nombre, id_genero) VALUES ('Guayllas', '0102184322', '1998-04-17 19:00:00', 'magaly', 2), ('Paute', '0124541263', '1987-05-08 00:00:00', 'Ana', 2), ('Salamea', '1254778891', '1968-08-12 00:00:00', 'Belen', 2), ('Robles', '0123458741', '2000-01-01 00:00:00', 'Jose', 1), ('Pauta', '0147852369', '1983-09-03 00:00:00', 'Juan', 1), ('Bermeo', '0118431211', '1997-06-28 00:00:00', 'Luis', 1), ('Gutama', '0102457631', '2001-02-02 00:00:00', 'Pedro', 1), ('Illescas ', '0369852147', '1977-02-02 00:00:00', 'Amanda', 2), ('Sangurima', '0105484588', '1987-09-30 00:00:00', 'Sandra', 2);
INSERT INTO usuario (contrasenia, est_usuario, usuario) VALUES ('123', 'activo', 'tutor'), ('01xxx1144x', 'activo', 'secretaria'), ('14xvf', 'activo', 'docente'), ('11111vvvv', 'activo', 'rectora'), ('1253vfff', 'activo', 'estudiante'), ('x1421444', 'activo', 'coordinador academino'), ('ffggkukl', 'activo', 'administrador'), ('xxx147', 'activo', 'coordinador de desarrollo');
INSERT INTO rol (descripcion) VALUES ('Administrador'), ('gerente'), ('secretaria'), ('estudiante'), ('coordinador de desarrollo'), ('coordinador administrativo'), ('rectora'), ('estudiante');
INSERT INTO rol_usuario (estado, id_rol, id_usuario) VALUES (true, 1, 1), (true, 2, 2), (true, 3, 3), (true, 4, 4), (true, 5, 5), (true, 6, 6), (true, 7, 7);
INSERT INTO modulo (modulo) VALUES ('matriculas'), ('secretaria y pagos'), ('parametrizacion'), ('roles'), ('asistencia'), ('documentos_academicos'), ('tutorias'), ('gestion de inventario');
INSERT INTO telefono (num_celular, telefono, id_extension) VALUES ('0987562111', '0723658988', 5), ('0987532221', '0724080166', 6), ('0984523641', '0724569878', 7), ('0365899999', '0724569878', 8), ('0987456321', '0723654444', 9), ('0923654478', '0729532141', 10), ('0987564124', '072545684', 3), ('0988077463', '0728077463', 4);
INSERT INTO correo_electronico (correo, id_extension) VALUES ('irfeyal1@edu.ec', 3), ('irfeyal2@edu.ec', 4), ('irfeyal3@edu.ec', 5), ('irfeyal4@edu.ec', 6), ('irfeyal5@edu.ec', 7), ('irfeyal7@edu.ec', 8), ('irfeyal8@edu.ec', 9), ('irfeyal9@edu.ec', 10), ('irfeyal10@edu.ec', 11), ('irfeyal@gmail.com', 4);
INSERT INTO empresa (nombre_empresa, id_correo, id_direccion, id_telefono) VALUES ('irfeyal prueba', 1, 11, 1);
INSERT INTO extension (nombre_extension, id_empresa, id_direccion) VALUES ('irfeyal_1', 110, 11), ('irfeyal_ 2', 110, 2), ('irfeyal_ 3', 110, 3), ('irfeyal_ 4', 110, 4), ('irfeyal_ 5', 110, 5), ('irfeyal_ 7', 110, 6), ('irfeyal_ 8', 110, 7), ('irfeyal_ 9', 110, 8), ('irfeyal_ 10', 110, 9);
INSERT INTO empleado (cargo, id_correo, id_direcion, id_empresa, id_extension, id_persona, telefono, id_usuario) VALUES ('tutor', 1, 2, 110, 3, 1, NULL, 1), ('secretaria', 4, 3, 110, 4, 2, NULL, 2), ('docente', 5, 4, 110, 5, 3, NULL, 3), ('administrador', 10, 9, 110, 4, 8, NULL, 8), ('rector ', 6, 5, 110, 6, 4, NULL, 4), ('estudiante', 7, 6, 110, 7, 5, NULL, 5), ('coordinador academico', 8, 7, 110, 8, 6, NULL, 6), ('coordinador de desarrollo', 9, 8, 110, 9, 7, NULL, 7);
-- PARAMETRIZACION ACADEMICA
INSERT INTO malla (estado_malla, descripcion_malla, fec_creacion_malla) VALUES (true, 'En la Unidad Educativa José María Vélaz, S. J. Extensión 105 – Cuenca la oferta educativa tiene la siguiente malla curricular, tanto para la modalidad Intensiva como para la modalidad No Intensiva. ', '2021/02/03');
INSERT INTO periodo (actividades_periodo, fec_actividades, fec_creacion_periodo, id_malla, precio_pension, precio_matricula) VALUES ('Bachillerato General Unificado', '2021/02/03', '2022/02/03', 0, 22.2, 40.00);
INSERT INTO curso (descripcion, tipo_curso, fec_creacion, id_rol_usuario) VALUES ('8vo', 'Educación General Básica Intensiva', '2022/03/02', 2);
INSERT INTO curso (descripcion, tipo_curso, fec_creacion, id_rol_usuario) VALUES ('9no', 'Educación General Básica Intensiva', '2022/03/02', 2);
INSERT INTO curso (descripcion, tipo_curso, fec_creacion, id_rol_usuario) VALUES ('10mo', 'Educación General Básica Intensiva', '2022/03/02', 2);
INSERT INTO malla_curso (id_curso, id_malla, fec_creacion_mallacurso) VALUES(1, 1, '2022/02/03');
INSERT INTO asignatura (descripcion_asignatura, fec_creacion) VALUES ('Matematicas', '2022/02/03');
INSERT INTO asignatura (descripcion_asignatura, fec_creacion) VALUES ('Lenguaje', '2022/02/03');
INSERT INTO asignatura (descripcion_asignatura, fec_creacion) VALUES ('Ingles', '2022/02/03');
INSERT INTO asignatura (descripcion_asignatura, fec_creacion) VALUES ('Fisica', '2022/02/03');
INSERT INTO asignatura (descripcion_asignatura, fec_creacion) VALUES ('Artes', '2022/02/03');
INSERT INTO asignatura (descripcion_asignatura, fec_creacion) VALUES ('Religion', '2022/02/03');
INSERT INTO asignatura (descripcion_asignatura, fec_creacion) VALUES ('Educa', '2022/02/03');
INSERT INTO asignatura (descripcion_asignatura, fec_creacion) VALUES ('Progra', '2022/02/03');
INSERT INTO asignatura (descripcion_asignatura, fec_creacion) VALUES ('Numeros', '2022/02/03');
INSERT INTO asignatura (descripcion_asignatura, fec_creacion) VALUES ('Geometria', '2022/02/03');
INSERT INTO malla_asignatura (id_asignatura, id_malla, fec_creacion_mallaasignatura) VALUES (1, 1, '2022/02/03');
INSERT INTO modalidad (descripcion_modalidad, hora_inicio, hora_fin) VALUES ('Matutino', '7:30', '12:00');
INSERT INTO modalidad (descripcion_modalidad, hora_inicio, hora_fin) VALUES ('Vespertino', '2:30', '18:00');
INSERT INTO modalidad (descripcion_modalidad, hora_inicio, hora_fin) VALUES ('Nocturno', '19:30', '23:00');
INSERT INTO modalidad_curso (id_modalidad, id_curso) VALUES (1, 1);
INSERT INTO modalidad_curso (id_modalidad, id_curso) VALUES (1, 2);
INSERT INTO horario (tiempo_inicio_horario, tiempo_fin_horario, dia, fec_creacion_horario, id_asignatura) VALUES ('16:30', '17:00', 1, '2022/02/03', 1);
INSERT INTO paralelo (descripcion, fec_creacion, id_matricula) VALUES ('A', '2022/02/03', 1);
INSERT INTO paralelo (descripcion, fec_creacion, id_matricula) VALUES ('B', '2022/02/03', 1);
INSERT INTO paralelo (descripcion, fec_creacion, id_matricula) VALUES ('C', '2022/02/03', 1);
INSERT INTO curso_paralelo (id_paralelo, id_curso) VALUES (1, 1);
INSERT INTO curso_paralelo (id_paralelo, id_curso) VALUES (1, 1);
INSERT INTO usuario_rol_asignatura (id_asignatura, id_rol_usuario, fec_creacion_tutorasignatura) VALUES (1, 1, '2022/02/03');
--MATRICULA
INSERT INTO generar_certificado_matriculas (rectora, fecha, id_rol_usuario, id_matricula, id_direccion) VALUES ('Alicia Gualavisi Lloré', '2022/03/16', 9, 1, 1);
INSERT INTO generar_certificado_matriculas (rectora, fecha, id_rol_usuario, id_matricula, id_direccion) VALUES ('Alicia Gualavisi Lloré', '2022/03/16', 9, 2, 1);
INSERT INTO generar_certificado_matriculas (rectora, fecha, id_rol_usuario, id_matricula, id_direccion) VALUES ('Alicia Gualavisi Lloré', '2022/03/16', 9, 3, 1);
INSERT INTO generar_certificado_matriculas (rectora, fecha, id_rol_usuario, id_matricula, id_direccion) VALUES ('Alicia Gualavisi Lloré', '2022/03/16', 9, 4, 1);
INSERT INTO generar_certificado_matriculas (rectora, fecha, id_rol_usuario, id_matricula, id_direccion) VALUES ('Alicia Gualavisi Lloré', '2022/03/16', 9, 5, 1);
INSERT INTO generar_certificado_matriculas (rectora, fecha, id_rol_usuario, id_matricula, id_direccion) VALUES ('Alicia Gualavisi Lloré', '2022/03/16', 9, 6, 1);
INSERT INTO generar_certificado_matriculas (rectora, fecha, id_rol_usuario, id_matricula, id_direccion) VALUES ('Alicia Gualavisi Lloré', '2022/03/16', 9, 7, 1);
INSERT INTO generar_certificado_matriculas (rectora, fecha, id_rol_usuario, id_matricula, id_direccion) VALUES ('Alicia Gualavisi Lloré', '2022/03/16', 9, 8, 1);
INSERT INTO generar_certificado_matriculas (rectora, fecha, id_rol_usuario, id_matricula, id_direccion) VALUES ('Alicia Gualavisi Lloré', '2022/03/16', 9, 9, 1);
INSERT INTO generar_certificado_matriculas (rectora, fecha, id_rol_usuario, id_matricula, id_direccion) VALUES ('Alicia Gualavisi Lloré', '2022/03/16', 9, 10, 1);
INSERT INTO generar_certificado_promocion (promediogeneral_num, promediogeneral_letras, descripcion, fecha, rectora, id_rol_usuario, id_registro, id_curso) VALUES (70, 'Setenta', 'Aprovado', '2022/03/16', 'Alicia Gualavisi Lloré', 9, 1, 1);
INSERT INTO generar_certificado_promocion (promediogeneral_num, promediogeneral_letras, descripcion, fecha, rectora, id_rol_usuario, id_registro, id_curso) VALUES (70.5, 'Setenta punto cinco', 'Aprovado', '2022/03/16', 'Alicia Gualavisi Lloré', 9, 1, 1);
INSERT INTO generar_certificado_promocion (promediogeneral_num, promediogeneral_letras, descripcion, fecha, rectora, id_rol_usuario, id_registro, id_curso) VALUES (75.6, 'Setenta y cinco punto seis', 'Aprovado', '2022/03/16', 'Alicia Gualavisi Lloré', 9, 1, 1);
INSERT INTO generar_certificado_promocion (promediogeneral_num, promediogeneral_letras, descripcion, fecha, rectora, id_rol_usuario, id_registro, id_curso) VALUES (80, 'Ochenta', 'Aprovado', '2022/03/16', 'Alicia Gualavisi Lloré', 9, 1, 1);
INSERT INTO generar_certificado_promocion (promediogeneral_num, promediogeneral_letras, descripcion, fecha, rectora, id_rol_usuario, id_registro, id_curso) VALUES (90.4, 'Noventa punto cuatro', 'Aprovado', '2022/03/16', 'Alicia Gualavisi Lloré', 9, 1, 1);
INSERT INTO generar_certificado_promocion (promediogeneral_num, promediogeneral_letras, descripcion, fecha, rectora, id_rol_usuario, id_registro, id_curso) VALUES (79.8, 'Setenta y nueve punto ocho', 'Aprovado', '2022/03/16', 'Alicia Gualavisi Lloré', 9, 1, 1);
INSERT INTO generar_certificado_promocion (promediogeneral_num, promediogeneral_letras, descripcion, fecha, rectora, id_rol_usuario, id_registro, id_curso) VALUES (99.9, 'Noventa y nueve punto nueve', 'Aprovado', '2022/03/16', 'Alicia Gualavisi Lloré', 9, 1, 1);
INSERT INTO generar_certificado_promocion (promediogeneral_num, promediogeneral_letras, descripcion, fecha, rectora, id_rol_usuario, id_registro, id_curso) VALUES (88.8, 'Ochenta y ocho punto ocho', 'Aprovado', '2022/03/16', 'Alicia Gualavisi Lloré', 9, 1, 1);
INSERT INTO generar_certificado_promocion (promediogeneral_num, promediogeneral_letras, descripcion, fecha, rectora, id_rol_usuario, id_registro, id_curso) VALUES (70, 'Setenta', 'Aprovado', '2022/03/16', 'Alicia Gualavisi Lloré', 9, 1, 1);
INSERT INTO generar_certificado_promocion (promediogeneral_num, promediogeneral_letras, descripcion, fecha, rectora, id_rol_usuario, id_registro, id_curso) VALUES (70.3, 'Setenta punto tres', 'Aprovado', '2022/03/16', 'Alicia Gualavisi Lloré', 9, 1, 1);
INSERT INTO documento (tipo_documento, descripcion, ubicacion) VALUES ('Certificado Matricula', 'descripcion', 'C/documentos');
INSERT INTO documento (tipo_documento, descripcion, ubicacion) VALUES ('Certificado Promocion', 'descripcion', 'C/documentos');
INSERT INTO registro_bitacora (solicitante, emisor, fecha, hora, estado, id_documento, id_rol_usuario) VALUES ('Juan García', 'Pablo López', '2022/03/16', '09:30:01.59', 'Pendiente', 1, 9);
INSERT INTO registro_bitacora (solicitante, emisor, fecha, hora, estado, id_documento, id_rol_usuario) VALUES ('Juan García', 'Pablo López', '2022/03/16', '09:39:00.59', 'Entregado', 1, 9);
INSERT INTO registro_bitacora (solicitante, emisor, fecha, hora, estado, id_documento, id_rol_usuario) VALUES ('Pedro Rodríguez', 'Pablo López', '2022/03/16', '10:20:00.59', 'Pendiente', 2, 9);
INSERT INTO registro_bitacora (solicitante, emisor, fecha, hora, estado, id_documento, id_rol_usuario) VALUES ('Pedro Rodríguez', 'Pablo López', '2022/03/16', '10:20:00.59', 'Entregado', 2, 9);
INSERT INTO registro_bitacora (solicitante, emisor, fecha, hora, estado, id_documento, id_rol_usuario) VALUES ('Ana Sánchez', 'Pablo López', '2022/03/16', '09:39:01.59', 'Pendiente', 1, 9);
INSERT INTO registro_bitacora (solicitante, emisor, fecha, hora, estado, id_documento, id_rol_usuario) VALUES ('Ana Sánchez', 'Pablo López', '2022/03/16', '09:39:01.59', 'Entregado', 1, 9);
INSERT INTO registro_bitacora (solicitante, emisor, fecha, hora, estado, id_documento, id_rol_usuario) VALUES ('María Pérez', 'Pablo López', '2022/03/16', '11:10:09.59', 'Pendiente', 1, 9);
INSERT INTO registro_bitacora (solicitante, emisor, fecha, hora, estado, id_documento, id_rol_usuario) VALUES ('Luis Gómez', 'Pablo López', '2022/03/16', '12:06:00.59', 'Pendiente', 2, 9);
INSERT INTO registro_bitacora (solicitante, emisor, fecha, hora, estado, id_documento, id_rol_usuario) VALUES ('María Pérez', 'Pablo López', '2022/03/16', '13:30:41.59', 'Entregado', 1, 9);
INSERT INTO registro_bitacora (solicitante, emisor, fecha, hora, estado, id_documento, id_rol_usuario) VALUES ('Luis Gómez', 'Pablo López', '2022/03/16', '13:40:00.59', 'Entregado', 2, 9);
--ASISTENCIA
INSERT INTO clase values (1, 0, 3, 1, '2022/02/08', 5);
INSERT INTO clase values (1, 0, 1, 1, '2022/02/08', 2);
INSERT INTO clase values (1, 0, 2, 1, '2022/02/08', 1);
INSERT INTO clase values (1, 0, 1, 1, '2022/02/08', 1);
INSERT INTO clase values (1, 0, 3, 1, '2022/02/08', 2);
INSERT INTO clase values (1, 0, 4, 1, '2022/02/08', 2);
INSERT INTO clase values (1, 0, 2, 1, '2022/02/08', 4);
INSERT INTO clase values (1, 0, 3, 1, '2022/02/08', 4);
INSERT INTO clase values (1, 0, 2, 1, '2022/02/08', 4);
INSERT INTO clase values (1, 0, 1, 1, '2022/02/08', 4);
INSERT INTO clase values (1, 0, 1, 1, '2022/02/08', 4);
INSERT INTO asistencia values (1, 0, TRUE, 3);
INSERT INTO asistencia values (1, 1, FALSE, 0);
INSERT INTO asistencia values (2, 2, FALSE, 0);
INSERT INTO asistencia values (3, 3, FALSE, 0);
INSERT INTO asistencia values (4, 3, TRUE, 1);
INSERT INTO asistencia values (5, 3, TRUE, 2);
INSERT INTO asistencia values (6, 5, TRUE, 1);
INSERT INTO asistencia values (7, 5, FALSE, 0);
INSERT INTO asistencia values (8, 5, FALSE, 0);
INSERT INTO asistencia values (9, 6, FALSE, 0);
INSERT INTO asistencia values (0, 10, FALSE, 0);
--DOCUMENTOS ACADEMICOS
INSERT INTO unidad (nombre_unidad) VALUES ('Unidad 1'), ('Unidad 2'), ('Unidad 3'), ('Unidad 4'), ('Unidad 5'), ('Unidad 6'), ('Unidad 7'), ('Unidad 8'), ('Unidad 9'), ('Unidad 10');
INSERT INTO plan_unidad (titulo_unidad, objetivos, contenidos, criterios_evaluacion, destrezas, fecha_inicio, fecha_fin, id_unidad, id_horario, id_paralelo, id_modalidad, id_periodo, id_curso, estado) VALUES ('Lengua y Literatura', 'Objetivo2', 'Contenido2', 'Criterio2', 'Destreza2', '01-09-2022', '30-06-2023', 2, 2, 2, 2, 2, 2, 'Aprobado'), ('Historia y Ciencias Sociales', 'Objetivo3', 'Contenido3', 'Criterio3', 'Destreza3', '01-09-2022', '30-06-2023', 3, 3, 3, 3, 3, 3, 'Aprobado'), ('Ciencias', 'Objetivo4', 'Contenido4', 'Criterio4', 'Destreza4', '01-09-2022', '30-06-2023', 4, 4, 4, 4, 4, 4, 'Aprobado'), ('Quimica', 'Objetivo5', 'Contenido5', 'Criterio5', 'Destreza5', '01-09-2022', '30-06-2023', 5, 5, 5, 5, 5, 5, 'Aprobado'), ('Fisica', 'Objetivo6', 'Contenido6', 'Criterio6', 'Destreza6', '01-09-2022', '30-06-2023', 6, 6, 6, 6, 6, 6, 'Rechazado'), ('Ingles', 'Objetivo7', 'Contenido7', 'Criterio7', 'Destreza7', '01-09-2022', '30-06-2023', 7, 7, 7, 7, 7, 7, 'Pendiente'), ('Biologia', 'Objetivo8', 'Contenido8', 'Criterio8', 'Destreza8', '01-09-2022', '30-06-2023', 8, 8, 8, 8, 8, 8, 'Aprobado'), ('Educación física', 'Objetivo9', 'Contenido9', 'Criterio9', 'Destreza9', '01-09-2022', '30-06-2023', 9, 9, 9, 9, 9, 9, 'Aprobado'), ('Informática', 'Objetivo10', 'Contenido10', 'Criterio10', 'Destreza10', '01-09-2022', '30-06-2023', 10, 10, 10, 10, 10, 10, 'Aprobado');
--PAGOS
INSERT INTO tipo_pago (descripcion) VALUES (Banco);
INSERT INTO tipo_pago (descripcion) VALUES (Efectivo);
INSERT INTO tipo_comprobante (concepto_pago, id_periodo, id_kit) VALUES (Matricula, 1, 1);
INSERT INTO tipo_comprobante (concepto_pago, id_periodo, id_kit) VALUES (Mensualidad, 1, 1);
INSERT INTO tipo_comprobante (concepto_pago, id_periodo, id_kit) VALUES (Kit de Modulos, 1, 1);
INSERT INTO comprobante (id_matricula, fecha, imagen, valortotal, estado, id_tipo_pago, id_tipo_comprobante, id_rol_usuario) VALUES (1, 2022/03/15, null, 10, TRUE, 2, 1, 9);
INSERT INTO comprobante (id_matricula, fecha, imagen, valortotal, estado, id_tipo_pago, id_tipo_comprobante, id_rol_usuario) VALUES (2, 2022/03/15, null, 15, TRUE, 2, 2, 9);
INSERT INTO comprobante (id_matricula, fecha, imagen, valortotal, estado, id_tipo_pago, id_tipo_comprobante, id_rol_usuario) VALUES (3, 2022/03/15, null, 20, TRUE, 2, 3, 9);
INSERT INTO comprobante (id_matricula, fecha, imagen, valortotal, estado, id_tipo_pago, id_tipo_comprobante, id_rol_usuario) VALUES (4, 2022/03/15, null, 20, TRUE, 2, 3, 9);
INSERT INTO comprobante (id_matricula, fecha, imagen, valortotal, estado, id_tipo_pago, id_tipo_comprobante, id_rol_usuario) VALUES (5, 2022/03/15, null, 15, TRUE, 2, 2, 9);
INSERT INTO comprobante (id_matricula, fecha, imagen, valortotal, estado, id_tipo_pago, id_tipo_comprobante, id_rol_usuario) VALUES (6, 2022/03/15, null, 10, TRUE, 2, 1, 9);
INSERT INTO comprobante (id_matricula, fecha, imagen, valortotal, estado, id_tipo_pago, id_tipo_comprobante, id_rol_usuario) VALUES (7, 2022/03/15, null, 15, TRUE, 2, 2, 9);
INSERT INTO comprobante (id_matricula, fecha, imagen, valortotal, estado, id_tipo_pago, id_tipo_comprobante, id_rol_usuario) VALUES (8, 2022/03/15, null, 20, TRUE, 2, 3, 9);
INSERT INTO comprobante (id_matricula, fecha, imagen, valortotal, estado, id_tipo_pago, id_tipo_comprobante, id_rol_usuario) VALUES (9, 2022/03/15, null, 10, TRUE, 2, 1, 9);
INSERT INTO comprobante (id_matricula, fecha, imagen, valortotal, estado, id_tipo_pago, id_tipo_comprobante, id_rol_usuario) VALUES (10, 2022/03/15, null, 20, TRUE, 2, 3, 9);
INSERT INTO detalle_comprobante (valor, adelanto, detalle, id_comprobante) VALUES (10, 0, "", 1);
INSERT INTO detalle_comprobante (valor, adelanto, detalle, id_comprobante) VALUES (15, 0, "", 2);
INSERT INTO detalle_comprobante (valor, adelanto, detalle, id_comprobante) VALUES (20, 0, "", 3);
INSERT INTO detalle_comprobante (valor, adelanto, detalle, id_comprobante) VALUES (20, 0, "", 4);
INSERT INTO detalle_comprobante (valor, adelanto, detalle, id_comprobante) VALUES (15, 0, "", 5);
INSERT INTO detalle_comprobante (valor, adelanto, detalle, id_comprobante) VALUES (10, 0, "", 6);
INSERT INTO detalle_comprobante (valor, adelanto, detalle, id_comprobante) VALUES (15, 0, "", 7);
INSERT INTO detalle_comprobante (valor, adelanto, detalle, id_comprobante) VALUES (20, 0, "", 8);
INSERT INTO detalle_comprobante (valor, adelanto, detalle, id_comprobante) VALUES (15, 0, "", 9);
INSERT INTO detalle_comprobante (valor, adelanto, detalle, id_comprobante) VALUES (20, 0, "", 10);
--GESTION DE TUTORIAS
INSERT INTO registro (aporte1, aporte2, aporte3, aporte4, evaluacion1, aporte5, aporte6, aporte7, aporte8, evaluacion2, examenfinal, promediofinal, examen_supletorio, promedio_supletorio, examen_remedial, promedio_remedial, examen_gracia, promedio_gracia, comportamiento, id_matricula, id_asignatura, id_rol_usuario) VALUES (2, 6, 8, 4, 1, 10, 1, 10, 1, 10, 1, 10, 1, 10, 1, 10, 0, 1, 9, 1, 2, 5);
INSERT INTO registro (aporte1, aporte2, aporte3, aporte4, evaluacion1, aporte5, aporte6, aporte7, aporte8, evaluacion2, examenfinal, promediofinal, examen_supletorio, promedio_supletorio, examen_remedial, promedio_remedial, examen_gracia, promedio_gracia, comportamiento, id_matricula, id_asignatura, id_rol_usuario) VALUES (2, 6, 8, 4, 2, 9, 2, 9, 2, 9, 2, 9, 2, 9, 2, 9, 1, 2, 8, 1, 2, 5);
INSERT INTO registro (aporte1, aporte2, aporte3, aporte4, evaluacion1, aporte5, aporte6, aporte7, aporte8, evaluacion2, examenfinal, promediofinal, examen_supletorio, promedio_supletorio, examen_remedial, promedio_remedial, examen_gracia, promedio_gracia, comportamiento, id_matricula, id_asignatura, id_rol_usuario) VALUES (2, 6, 8, 4, 3, 8, 3, 8, 3, 8, 3, 8, 3, 8, 3, 8, 2, 3, 7, 1, 2, 5);
INSERT INTO registro (aporte1, aporte2, aporte3, aporte4, evaluacion1, aporte5, aporte6, aporte7, aporte8, evaluacion2, examenfinal, promediofinal, examen_supletorio, promedio_supletorio, examen_remedial, promedio_remedial, examen_gracia, promedio_gracia, comportamiento, id_matricula, id_asignatura, id_rol_usuario) VALUES (2, 6, 8, 4, 4, 7, 4, 7, 4, 7, 4, 7, 4, 7, 4, 7, 3, 4, 6, 1, 2, 5);
INSERT INTO registro (aporte1, aporte2, aporte3, aporte4, evaluacion1, aporte5, aporte6, aporte7, aporte8, evaluacion2, examenfinal, promediofinal, examen_supletorio, promedio_supletorio, examen_remedial, promedio_remedial, examen_gracia, promedio_gracia, comportamiento, id_matricula, id_asignatura, id_rol_usuario) VALUES (2, 6, 8, 4, 5, 6, 5, 6, 5, 6, 5, 6, 5, 6, 5, 6, 4, 5, 5, 1, 2, 5);
INSERT INTO registro (aporte1, aporte2, aporte3, aporte4, evaluacion1, aporte5, aporte6, aporte7, aporte8, evaluacion2, examenfinal, promediofinal, examen_supletorio, promedio_supletorio, examen_remedial, promedio_remedial, examen_gracia, promedio_gracia, comportamiento, id_matricula, id_asignatura, id_rol_usuario) VALUES (2, 6, 8, 4, 6, 5, 6, 5, 6, 5, 6, 5, 6, 5, 6, 5, 5, 6, 4, 1, 2, 5);
INSERT INTO registro (aporte1, aporte2, aporte3, aporte4, evaluacion1, aporte5, aporte6, aporte7, aporte8, evaluacion2, examenfinal, promediofinal, examen_supletorio, promedio_supletorio, examen_remedial, promedio_remedial, examen_gracia, promedio_gracia, comportamiento, id_matricula, id_asignatura, id_rol_usuario) VALUES (2, 6, 8, 4, 7, 4, 7, 4, 7, 4, 7, 4, 7, 4, 7, 4, 6, 7, 3, 1, 2, 5);
INSERT INTO registro (aporte1, aporte2, aporte3, aporte4, evaluacion1, aporte5, aporte6, aporte7, aporte8, evaluacion2, examenfinal, promediofinal, examen_supletorio, promedio_supletorio, examen_remedial, promedio_remedial, examen_gracia, promedio_gracia, comportamiento, id_matricula, id_asignatura, id_rol_usuario) VALUES (2, 6, 8, 4, 8, 3, 8, 3, 8, 3, 8, 3, 8, 3, 8, 3, 7, 8, 2, 1, 2, 5);
INSERT INTO registro (aporte1, aporte2, aporte3, aporte4, evaluacion1, aporte5, aporte6, aporte7, aporte8, evaluacion2, examenfinal, promediofinal, examen_supletorio, promedio_supletorio, examen_remedial, promedio_remedial, examen_gracia, promedio_gracia, comportamiento, id_matricula, id_asignatura, id_rol_usuario) VALUES (2, 6, 8, 4, 9, 2, 9, 2, 9, 2, 9, 2, 9, 2, 9, 2, 8, 9, 1, 1, 2, 5);
INSERT INTO registro (aporte1, aporte2, aporte3, aporte4, evaluacion1, aporte5, aporte6, aporte7, aporte8, evaluacion2, examenfinal, promediofinal, examen_supletorio, promedio_supletorio, examen_remedial, promedio_remedial, examen_gracia, promedio_gracia, comportamiento, id_matricula, id_asignatura, id_rol_usuario) VALUES (2, 6, 8, 4, 10, 1, 10, 1, 10, 1, 10, 1, 10, 1, 10, 1, 9, 10, 0, 1, 2, 5); INGRESO DE DATOS TABLA REPORTE
INSERT INTO reporte (nombre_reporte, fecha_reporte, id_registro) VALUES ('NotasFinales_CulturaFisica_2021-2022', '2022-02-10', 5);
INSERT INTO reporte (nombre_reporte, fecha_reporte, id_registro) VALUES ('NotasFinales_EstudiosSociales_2021-2022', '2022-02-10', 5);
INSERT INTO reporte (nombre_reporte, fecha_reporte, id_registro) VALUES ('NotasFinales_CienciasNaturales_2021-2022', '2022-02-10', 5);
INSERT INTO reporte (nombre_reporte, fecha_reporte, id_registro) VALUES ('NotasFinales_Matematica_2021-2022', '2022-02-10', 5);
INSERT INTO reporte (nombre_reporte, fecha_reporte, id_registro) VALUES ('NotasFinales_Ingles_2021-2022', '2022-02-10', 5);
INSERT INTO reporte (nombre_reporte, fecha_reporte, id_registro) VALUES ('NotasSupletorio_CulturaFisica_2021-2022', '2022-02-10', 5);
INSERT INTO reporte (nombre_reporte, fecha_reporte, id_registro) VALUES ('NotasSupletorio_EstudiosSociales', '2022-02-10', 5);
INSERT INTO reporte (nombre_reporte, fecha_reporte, id_registro) VALUES ('NotasFinales_EstudiosSociales_2021-2022', '2022-02-10', 5);
INSERT INTO reporte (nombre_reporte, fecha_reporte, id_registro) VALUES ('NotasSupletorio_Matematica_2021-2022', '2022-02-10', 5);
INSERT INTO reporte (nombre_reporte, fecha_reporte, id_registro) VALUES ('NotasSupletorio_Ingles_2021-2022', '2022-02-10', 5);
--SECRETARIA
INSERT INTO generar_certificado_matriculas (rectora, fecha, id_rolusuario, id_matricula, id_direccion) VALUES ('Alicia Gualavisi Lloré', '2022/03/16', 9, 1, 1);
INSERT INTO generar_certificado_matriculas (rectora, fecha, id_rolusuario, id_matricula, id_direccion) VALUES ('Alicia Gualavisi Lloré', '2022/03/16', 9, 2, 1);
INSERT INTO generar_certificado_matriculas (rectora, fecha, id_rolusuario, id_matricula, id_direccion) VALUES ('Alicia Gualavisi Lloré', '2022/03/16', 9, 3, 1);
INSERT INTO generar_certificado_matriculas (rectora, fecha, id_rolusuario, id_matricula, id_direccion) VALUES ('Alicia Gualavisi Lloré', '2022/03/16', 9, 4, 1);
INSERT INTO generar_certificado_matriculas (rectora, fecha, id_rolusuario, id_matricula, id_direccion) VALUES ('Alicia Gualavisi Lloré', '2022/03/16', 9, 5, 1);
INSERT INTO generar_certificado_matriculas (rectora, fecha, id_rolusuario, id_matricula, id_direccion) VALUES ('Alicia Gualavisi Lloré', '2022/03/16', 9, 6, 1);
INSERT INTO generar_certificado_matriculas (rectora, fecha, id_rolusuario, id_matricula, id_direccion) VALUES ('Alicia Gualavisi Lloré', '2022/03/16', 9, 7, 1);
INSERT INTO generar_certificado_matriculas (rectora, fecha, id_rolusuario, id_matricula, id_direccion) VALUES ('Alicia Gualavisi Lloré', '2022/03/16', 9, 8, 1);
INSERT INTO generar_certificado_matriculas (rectora, fecha, id_rolusuario, id_matricula, id_direccion) VALUES ('Alicia Gualavisi Lloré', '2022/03/16', 9, 9, 1);
INSERT INTO generar_certificado_matriculas (rectora, fecha, id_rolusuario, id_matricula, id_direccion) VALUES ('Alicia Gualavisi Lloré', '2022/03/16', 9, 10, 1);
INSERT INTO generar_certificado_promocion (promediogeneral_num, promediogeneral_letras, descripcion, fecha, rectora, id_rolusuario, id_registro, id_curso) VALUES (70, 'Setenta', 'Aprovado', '2022/03/16', 'Alicia Gualavisi Lloré', 9, 1, 1);
INSERT INTO generar_certificado_promocion (promediogeneral_num, promediogeneral_letras, descripcion, fecha, rectora, id_rolusuario, id_registro, id_curso) VALUES (70.5, 'Setenta punto cinco', 'Aprovado', '2022/03/16', 'Alicia Gualavisi Lloré', 9, 1, 1);
INSERT INTO generar_certificado_promocion (promediogeneral_num, promediogeneral_letras, descripcion, fecha, rectora, id_rolusuario, id_registro, id_curso) VALUES (75.6, 'Setenta y cinco punto seis', 'Aprovado', '2022/03/16', 'Alicia Gualavisi Lloré', 9, 1, 1);
INSERT INTO generar_certificado_promocion (promediogeneral_num, promediogeneral_letras, descripcion, fecha, rectora, id_rolusuario, id_registro, id_curso) VALUES (80, 'Ochenta', 'Aprovado', '2022/03/16', 'Alicia Gualavisi Lloré', 9, 1, 1);
INSERT INTO generar_certificado_promocion (promediogeneral_num, promediogeneral_letras, descripcion, fecha, rectora, id_rolusuario, id_registro, id_curso) VALUES (90.4, 'Noventa punto cuatro', 'Aprovado', '2022/03/16', 'Alicia Gualavisi Lloré', 9, 1, 1);
INSERT INTO generar_certificado_promocion (promediogeneral_num, promediogeneral_letras, descripcion, fecha, rectora, id_rolusuario, id_registro, id_curso) VALUES (79.8, 'Setenta y nueve punto ocho', 'Aprovado', '2022/03/16', 'Alicia Gualavisi Lloré', 9, 1, 1);
INSERT INTO generar_certificado_promocion (promediogeneral_num, promediogeneral_letras, descripcion, fecha, rectora, id_rolusuario, id_registro, id_curso) VALUES (99.9, 'Noventa y nueve punto nueve', 'Aprovado', '2022/03/16', 'Alicia Gualavisi Lloré', 9, 1, 1);
INSERT INTO generar_certificado_promocion (promediogeneral_num, promediogeneral_letras, descripcion, fecha, rectora, id_rolusuario, id_registro, id_curso) VALUES (88.8, 'Ochenta y ocho punto ocho', 'Aprovado', '2022/03/16', 'Alicia Gualavisi Lloré', 9, 1, 1);
INSERT INTO generar_certificado_promocion (promediogeneral_num, promediogeneral_letras, descripcion, fecha, rectora, id_rolusuario, id_registro, id_curso) VALUES (70, 'Setenta', 'Aprovado', '2022/03/16', 'Alicia Gualavisi Lloré', 9, 1, 1);
INSERT INTO generar_certificado_promocion (promediogeneral_num, promediogeneral_letras, descripcion, fecha, rectora, id_rolusuario, id_registro, id_curso) VALUES (70.3, 'Setenta punto tres', 'Aprovado', '2022/03/16', 'Alicia Gualavisi Lloré', 9, 1, 1);
INSERT INTO documento (tipo_documento, descripcion, ubicacion) VALUES ('Certificado Matricula', 'descripcion', 'C/documentos');
INSERT INTO documento (tipo_documento, descripcion, ubicacion) VALUES ('Certificado Promocion', 'descripcion', 'C/documentos');
INSERT INTO registro_bitacora (solicitante, emisor, fecha, hora, estado, id_documento, id_rolusuario) VALUES('Juan García', 'Pablo López', '2022/03/16', '09:30:01.59', 'Pendiente', 1, 9);
INSERT INTO registro_bitacora (solicitante, emisor, fecha, hora, estado, id_documento, id_rolusuario) VALUES('Juan García', 'Pablo López', '2022/03/16', '09:39:00.59', 'Entregado', 1, 9);
INSERT INTO registro_bitacora (solicitante, emisor, fecha, hora, estado, id_documento, id_rolusuario) VALUES('Pedro Rodríguez', 'Pablo López', '2022/03/16', '10:20:00.59', 'Pendiente', 2, 9);
INSERT INTO registro_bitacora (solicitante, emisor, fecha, hora, estado, id_documento, id_rolusuario) VALUES('Pedro Rodríguez', 'Pablo López', '2022/03/16', '10:20:00.59', 'Entregado', 2, 9);
INSERT INTO registro_bitacora (solicitante, emisor, fecha, hora, estado, id_documento, id_rolusuario) VALUES('Ana Sánchez', 'Pablo López', '2022/03/16', '09:39:01.59', 'Pendiente', 1, 9);
INSERT INTO registro_bitacora (solicitante, emisor, fecha, hora, estado, id_documento, id_rolusuario) VALUES('Ana Sánchez', 'Pablo López', '2022/03/16', '09:39:01.59', 'Entregado', 1, 9);
INSERT INTO registro_bitacora (solicitante, emisor, fecha, hora, estado, id_documento, id_rolusuario) VALUES('María Pérez', 'Pablo López', '2022/03/16', '11:10:09.59', 'Pendiente', 1, 9);
INSERT INTO registro_bitacora (solicitante, emisor, fecha, hora, estado, id_documento, id_rolusuario) VALUES('Luis Gómez', 'Pablo López', '2022/03/16', '12:06:00.59', 'Pendiente', 2, 9);
INSERT INTO registro_bitacora (solicitante, emisor, fecha, hora, estado, id_documento, id_rolusuario) VALUES('María Pérez', 'Pablo López', '2022/03/16', '13:30:41.59', 'Entregado', 1, 9);
INSERT INTO registro_bitacora (solicitante, emisor, fecha, hora, estado, id_documento, id_rolusuario) VALUES('Luis Gómez', 'Pablo López', '2022/03/16', '13:40:00.59', 'Entregado', 2, 9);
--INVENTARIOS
INSERT INTO kit(precio_kit, periodo) values (35, '2021-2022');
INSERT INTO kit(precio_kit, periodo) values (35, '2021-2022');
INSERT INTO kit(precio_kit, periodo) values (35, '2021-2022');
INSERT INTO kit(precio_kit, periodo) values (35, '2021-2022');
INSERT INTO kit(precio_kit, periodo) values (35, '2021-2022');
INSERT INTO kit(precio_kit, periodo) values (35, '2021-2022');
INSERT INTO kit(precio_kit, periodo) values (35, '2021-2022');
INSERT INTO kit(precio_kit, periodo) values (35, '2021-2022');
INSERT INTO kit(precio_kit, periodo) values (35, '2021-2022');
INSERT INTO kit(precio_kit, periodo) values (35, '2021-2022');
INSERT INTO modulo_libro (cod_modulo, nombre_modulo , curso, cantidad, numero, numero_modulo, kit_id) values ('ModuloUno', 'CursoUno modulUno', 2, 2, 'NumeroMod2', 1);
INSERT INTO modulo_libro (cod_modulo, nombre_modulo , curso, cantidad, numero, numero_modulo, kit_id) values ('ModuloDos', 'CursoDos modulDos', 2, 2, 'NumeroMod2', 2);
INSERT INTO modulo_libro (cod_modulo, nombre_modulo , curso, cantidad, numero, numero_modulo, kit_id) values ('ModuloTres', 'CursoTres modulTres', 2, 2, 'NumeroModTres', 3);
INSERT INTO modulo_libro (cod_modulo, nombre_modulo , curso, cantidad, numero, numero_modulo, kit_id) values (4, 'ModuloCuatro', 'CursoCuatro modulCuatro', 2, 2, 'NumeroModCuatro', 4);
INSERT INTO modulo_libro (cod_modulo, nombre_modulo , curso, cantidad, numero, numero_modulo, kit_id) values (5, 'ModuloCinco', 'CursoCinco modulCinco', 2, 2, 'NumeroModCinco', 5);
INSERT INTO modulo_libro (cod_modulo, nombre_modulo , curso, cantidad, numero, numero_modulo, kit_id) values (6, 'ModuloSeis', 'CursoSeis modulSeis', 2, 2, 'NumeroModSeis', 6);
INSERT INTO modulo_libro (cod_modulo, nombre_modulo , curso, cantidad, numero, numero_modulo, kit_id) values (7, 'Modulo7', 'Curso7 modul7', 2, 2, 'NumeroMod7', 7);
INSERT INTO modulo_libro (cod_modulo, nombre_modulo , curso, cantidad, numero, numero_modulo, kit_id) values (8, 'Modulo8', 'Curso8 modul8', 2, 2, 'NumeroMod8', 8);
INSERT INTO modulo_libro (cod_modulo, nombre_modulo , curso, cantidad, numero, numero_modulo, kit_id) values (9, 'ModuloNueve', 'CursoNueve modulNueveo', 2, 2, 'NumeroModNueve', 9);
INSERT INTO modulo_libro (cod_modulo, nombre_modulo , curso, cantidad, numero, numero_modulo, kit_id) values (10, 'Modulo10', 'Curso10 modul10', 2, 2, 'NumeroMod10', 10);
INSERT INTO aprobacion (id_empleado, observacion_aproba, estado_aproba, detalle_control, fecha_aprobacion, fecha_control) values (2, 'obs1', true, 'detacontrol1', '2022/02/12', '2022/02/12');
INSERT INTO aprobacion (id_empleado, observacion_aproba, estado_aproba, detalle_control, fecha_aprobacion, fecha_control) values (2, 'obsDos', true, 'detacontrolDos', '2022/02/12', '2022/02/12');
INSERT INTO aprobacion (id_empleado, observacion_aproba, estado_aproba, detalle_control, fecha_aprobacion, fecha_control) values (2, 'obs1', true, 'detacontrolTres', '2022/02/12', '2022/02/12');
INSERT INTO aprobacion (id_empleado, observacion_aproba, estado_aproba, detalle_control, fecha_aprobacion, fecha_control) values (2, 'obsCuatro', true, 'detacontrolCuatro', '2022/02/12', '2022/02/12');
INSERT INTO aprobacion (id_empleado, observacion_aproba, estado_aproba, detalle_control, fecha_aprobacion, fecha_control) values (2, 'obsCinco', true, 'detacontrolCinco', '2022/02/12', '2022/02/12');
INSERT INTO aprobacion  (id_empleado, observacion_aproba, estado_aproba, detalle_control, fecha_aprobacion, fecha_control) values (2, 'obsSeis', true, 'detacontrolSeis', '2022/02/12', '2022/02/12');
INSERT INTO aprobacion (id_empleado, observacion_aproba, estado_aproba, detalle_control, fecha_aprobacion, fecha_control) values (2, 'obs7', true, 'detacontrol7', '2022/02/12', '2022/02/12');
INSERT INTO aprobacion (id_empleado, observacion_aproba, estado_aproba, detalle_control, fecha_aprobacion, fecha_control) values (2, 'obs8', true, 'detacontrolS88', '2022/02/12', '2022/02/12');
INSERT INTO aprobacion (id_empleado, observacion_aproba, estado_aproba, detalle_control, fecha_aprobacion, fecha_control) values (2, 'obsNueve', true, 'detacontrolNueve', '2022/02/12', '2022/02/12');
INSERT INTO aprobacion (id_empleado, observacion_aproba, estado_aproba, detalle_control, fecha_aprobacion, fecha_control) values (2, 'obs1', true, 'detacontrol10', '2022/02/12', '2022/02/12');
INSERT INTO ingreso_kit (id_empleado, aprobacion_id, fecha_ingreso, kit_id) values (1, 1, '2022/02/12', 1);
INSERT INTO ingreso_kit (id_empleado, aprobacion_id, fecha_ingreso, kit_id) values (1, 3, '2022/02/12', 3);
INSERT INTO ingreso_kit (id_empleado, aprobacion_id, fecha_ingreso, kit_id) values (1, 2, '2022/02/12', 2);
INSERT INTO ingreso_kit (id_empleado, aprobacion_id, fecha_ingreso, kit_id) values (1, 4, '2022/02/12', 4);
INSERT INTO ingreso_kit (id_empleado, aprobacion_id, fecha_ingreso, kit_id) values (1, 5, '2022/02/12', 5);
INSERT INTO ingreso_kit (id_empleado, aprobacion_id, fecha_ingreso, kit_id) values (1, 6, '2022/02/12', 6);
INSERT INTO ingreso_kit (id_empleado, aprobacion_id, fecha_ingreso, kit_id) values (1, 7, '2022/02/12', 7);
INSERT INTO ingreso_kit (id_empleado, aprobacion_id, fecha_ingreso, kit_id) values (1, 8, '2022/02/12', 8);
INSERT INTO ingreso_kit (id_empleado, aprobacion_id, fecha_ingreso, kit_id) values (1, 9, '2022/02/12', 9);
INSERT INTO ingreso_kit (id_empleado, aprobacion_id, fecha_ingreso, kit_id) values (1, 10, '2022/02/12', 10);
INSERT INTO entrega_kit (aprobacion_id, kit_id, fecha_entrega_kit, id_estudiante) values (1, 1, 2, '2022/02/12', 3);
INSERT INTO entrega_kit ( aprobacion_id, kit_id, fecha_entrega_kit, id_estudiante) values (1, 1, 2, '2022/02/12', 3);
INSERT INTO entrega_kit ( aprobacion_id, kit_id, fecha_entrega_kit, id_estudiante) values (1, 1, 2, '2022/02/12', 3);
INSERT INTO entrega_kit (aprobacion_id, kit_id, fecha_entrega_kit, id_estudiante) values (1, 1, 2, '2022/02/12', 3);
INSERT INTO entrega_kit  (aprobacion_id, kit_id, fecha_entrega_kit, id_estudiante) values (1, 1, 2, '2022/02/12', 3);
INSERT INTO entrega_kit ( aprobacion_id, kit_id, fecha_entrega_kit, id_estudiante) values (1, 1, 2, '2022/02/12', 3);
INSERT INTO entrega_kit ( aprobacion_id, kit_id, fecha_entrega_kit, id_estudiante) values (1, 1, 2, '2022/02/12', 3);
INSERT INTO entrega_kit ( aprobacion_id, kit_id, fecha_entrega_kit, id_estudiante) values (1, 1, 2, '2022/02/12', 3);
INSERT INTO entrega_kit ( aprobacion_id, kit_id, fecha_entrega_kit, id_estudiante) values (1, 1, 2, '2022/02/12', 3);
